6098,0x40882f
6099,0x408833
6100,0x408836
15843,0x41529d
15844,0x4152a5
15845,0x4152a8
15867,0x415309
15868,0x415311
15869,0x415314
15879,0x41533f
15880,0x415347
15881,0x41534a
15851,0x4152c1
15852,0x4152c9
15853,0x4152cc
15847,0x4152af
15848,0x4152b7
15849,0x4152ba
15863,0x4152f7
15864,0x4152ff
15865,0x415302
15875,0x41532d
15876,0x415335
15877,0x415338
15855,0x4152d3
15856,0x4152db
15857,0x4152de
15839,0x41528b
15840,0x415293
15841,0x415296
15883,0x415351
15884,0x415359
15885,0x41535c
15833,0x415279
15834,0x415281
15835,0x415284
15871,0x41531b
15872,0x415323
15873,0x415326
295,0x408780
296,0x408782
297,0x408784
298,0x408786
299,0x408788
300,0x408789
301,0x40878a
302,0x40878d
303,0x408791
304,0x408794
305,0x408799
2640,0x7001c8
15887,0x415363
15888,0x41536b
15889,0x415373
2137,0x403140
15859,0x4152e5
15860,0x4152ed
15861,0x4152f0
1542,0x408932
1543,0x408936
1544,0x408937
1545,0x408938
1546,0x40893a
1547,0x40893c
1548,0x40893e
1549,0x408940
