4741,0x40809f,0,0
4742,0x4080a7,0,0
4743,0x4080af,0,0
4744,0x4080b4,0,0
4745,0x4080b8,0,0
4746,0x4080bd,0,0
4747,0x4080c0,0,0
4696,0x4080c6,0,0
4697,0x4080c9,0,0
4698,0x4080ce,0,0
4699,0x4080d1,0,0
4700,0x4080d3,0,0
4706,0x4080d8,0,0
4715,0x4080f6,0,0
4716,0x4080f9,0,0
4717,0x4080fd,0,0
4718,0x408101,0,0
4719,0x408107,0,0
4720,0x40810c,0,0
4721,0x408110,0,0
4722,0x408114,0,0
4723,0x408116,0,0
4724,0x408119,0,0
4725,0x40811c,0,0
4726,0x408120,0,0
4727,0x408122,0,0
4728,0x408125,0,0
4729,0x40812a,0,0
4734,0x40812f,0,0
4735,0x408131,0,0
