310,0x400978
311,0x40097f
312,0x400984
313,0x400989
314,0x40098b
315,0x400990
316,0x400994
166,0x400660
177,0x4008b6
178,0x4008ba
179,0x4008bd
180,0x4008bf
216,0x400963
217,0x400967
218,0x40096a
219,0x40096d
220,0x40096f
174,0x4008a9
175,0x4008ae
176,0x4008b1
167,0x700018
150,0x4006c0
163,0x400881
164,0x400886
165,0x40088a
299,0x400999
300,0x4009a0
301,0x4009a5
302,0x4009a7
303,0x4009ac
199,0x4008c8
200,0x4008cf
201,0x4008d4
202,0x4008d9
203,0x4008db
204,0x4008e0
151,0x700048
181,0x400913
182,0x40091a
183,0x40091f
184,0x400924
185,0x400926
186,0x400929
205,0x40092e
206,0x400933
207,0x40093a
208,0x40093f
209,0x400944
210,0x40094a
211,0x40094e
212,0x400950
