2670,0x403170
3227,0x7001e0
6397,0x40a925
3724,0x40a928
3725,0x40a92b
4054,0x40a93c
4055,0x40a93f
4056,0x40a943
4057,0x40a946
4058,0x40a94a
2769,0x40a6fd
2770,0x40a702
3307,0x40a708
3308,0x40a70c
3309,0x40a710
3310,0x40a714
3311,0x40a718
3312,0x40a71a
3313,0x40a71e
3314,0x40a722
3315,0x40a724
3316,0x40a728
3317,0x40a72b
3318,0x40a72e
3319,0x40a731
3320,0x40a734
3321,0x40a738
3322,0x40a73c
3323,0x40a740
3324,0x40a742
3710,0x40a748
3711,0x40a74d
3712,0x40a750
3713,0x40a753
3714,0x40a756
3715,0x40a759
3716,0x40a75c
3717,0x40a760
3718,0x40a763
4044,0x40a765
4045,0x40a768
4046,0x40a76b
4047,0x40a76e
4048,0x40a771
4049,0x40a774
4295,0x40a860
4296,0x40a864
4297,0x40a868
4298,0x40a870
4651,0x40a8f0
4652,0x40a8f5
4653,0x40a8f8
4654,0x40a8fc
4655,0x40a901
468,0x40a480
469,0x40a482
470,0x40a484
471,0x40a486
472,0x40a487
473,0x40a48a
474,0x40a48b
475,0x40a48e
476,0x40a492
477,0x40a496
478,0x40a49a
1672,0x40a4e8
1673,0x40a4eb
1674,0x40a4ee
1675,0x40a4f2
1676,0x40a4f5
2325,0x40a5c0
2326,0x40a5c3
2327,0x40a5c9
2328,0x40a5cc
2329,0x40a5d0
2746,0x40a519
2747,0x40a51c
2748,0x40a521
6506,0x40a526
6507,0x40a529
6508,0x40a52c
6509,0x40a531
6510,0x40a534
6511,0x40a537
6512,0x40a53b
4041,0x40a53e
4042,0x40a542
4043,0x40a545
4290,0x40a54b
4291,0x40a54e
4292,0x40a556
4641,0x40a563
4642,0x40a567
4643,0x40a56c
4644,0x40a56f
4645,0x40a572
4646,0x40a576
4647,0x40a579
4892,0x40a594
4893,0x40a597
4894,0x40a59a
4895,0x40a59d
5073,0x40a5a4
5074,0x40a5a7
5075,0x40a5aa
5076,0x40a5ae
5077,0x40a5b2
2757,0x40a4d5
2758,0x40a4d9
2759,0x40a4da
2760,0x40a4db
2761,0x40a4dd
2762,0x40a4df
2763,0x40a4e1
8970,0x41129b
8971,0x41129d
8934,0x411156
8935,0x41115a
8936,0x41115e
8937,0x411161
8914,0x411163
8915,0x411168
8916,0x41116c
8917,0x411170
8844,0x410ee0
8845,0x410ee3
8846,0x410ee9
8847,0x410eec
8848,0x410eef
8849,0x410ef3
8850,0x410ef8
8851,0x410efb
8804,0x410e68
8805,0x410e6d
8806,0x410e70
8807,0x410e74
8812,0x410e90
8813,0x410e93
8831,0x410eca
8832,0x410ecd
8852,0x410ecf
8853,0x410ed1
8860,0x41127a
8861,0x41127d
8862,0x411280
8863,0x411284
8875,0x4110b9
8876,0x4110be
8877,0x4110c2
8878,0x4110c6
8879,0x4110ca
8880,0x4110ce
8881,0x4110d0
8882,0x4110d4
8883,0x4110d6
8884,0x4110d9
8886,0x4110df
8887,0x4110e3
8888,0x4110e8
8889,0x411105
8890,0x411107
8891,0x41110a
8892,0x411111
8893,0x411113
8894,0x41111b
8895,0x41111e
8898,0x4111a9
8899,0x4111ac
8900,0x4111b3
8901,0x4111bb
8902,0x4111c3
8903,0x4111ce
904,0x410af0
905,0x410af2
906,0x410af4
907,0x410af8
908,0x410afa
909,0x410afd
910,0x410afe
911,0x410aff
912,0x410b02
913,0x410b06
914,0x410b09
1929,0x410bb8
1930,0x410bbd
2463,0x410bce
2464,0x410bd3
2465,0x410bd6
2957,0x410d14
2958,0x410d17
2959,0x410d1c
2960,0x410d21
3435,0x410d5e
3436,0x410d61
3437,0x410d63
2966,0x410b48
2967,0x410b4c
2968,0x410b4d
2969,0x410b4e
2970,0x410b50
2971,0x410b52
2972,0x410b54
8972,0x4111d3
8973,0x4111d6
8974,0x4111db
8976,0x4111dd
8977,0x4111e0
8978,0x4111e5
8979,0x411b7e
8980,0x411b83
8981,0x411b86
8982,0x4111eb
8983,0x4111f0
8988,0x4111f5
8989,0x4111f9
8990,0x411207
8991,0x41120c
8992,0x411211
8993,0x411214
8994,0x411217
8995,0x41121c
6395,0x402e10
6396,0x700030
14787,0x4117b1
14788,0x4117ba
9301,0x4117bf
9292,0x4117c2
9293,0x4117c7
9294,0x4117cb
9295,0x4117d2
9296,0x4117d5
9297,0x4117d9
9270,0x4116f0
9271,0x4116f4
9272,0x4116f7
9178,0x41133f
9179,0x411345
9180,0x41134a
9181,0x41134f
9098,0x411355
9099,0x411358
9100,0x41135e
9114,0x411364
9115,0x411368
9116,0x41136a
9133,0x41139f
9134,0x4113a4
9135,0x4113a7
9175,0x412228
9176,0x412232
9177,0x412235
9205,0x41223b
9206,0x41223f
9207,0x412242
9767,0x412247
9768,0x41224a
9769,0x41224c
9770,0x41224f
9771,0x412254
3117,0x402f90
3541,0x7000f0
10567,0x40abb3
10382,0x40aa07
10383,0x40aa0e
10384,0x40aa15
10385,0x40aa1a
10386,0x40aa1d
10387,0x40aa20
10388,0x40aa24
10389,0x40aa27
10393,0x40aa2d
10394,0x40aa30
10401,0x40aa32
10402,0x40aa36
10403,0x40aa3d
10404,0x40aa42
10405,0x40aa45
10406,0x40aa49
10407,0x40aa4d
10408,0x40aa51
10409,0x40aa53
10417,0x40aabc
10418,0x40aac3
10419,0x40aaca
10420,0x40aacd
10421,0x40aad1
10422,0x40aad4
10440,0x40ab00
10441,0x40ab04
10442,0x40ab06
10473,0x40ab5e
10474,0x40ab61
10360,0x40ab6b
10361,0x40ab6f
10362,0x40ab70
10363,0x40ab71
10364,0x40ab73
10365,0x40ab75
10366,0x40ab77
10367,0x40ab79
10568,0x40adb7
10569,0x40adbb
10570,0x40adbe
10571,0x40adc2
10572,0x40adc6
10573,0x40adca
10574,0x40adce
10575,0x40add2
10576,0x40add7
10577,0x40addb
10578,0x40ade0
10579,0x40ade4
10580,0x40adea
10581,0x40adef
10582,0x40adf1
10583,0x40adf3
10584,0x40ae5b
10585,0x40ae60
10586,0x40ae67
10587,0x40ae6e
10588,0x40ae72
10589,0x40ae74
10590,0x40af25
10591,0x40af2a
10592,0x40af2d
10593,0x40af31
10594,0x40af35
10595,0x40af37
10619,0x40af9b
10620,0x40af9f
10621,0x40afa0
10622,0x40afa1
10623,0x40afa3
10624,0x40afa5
10625,0x40afa7
10626,0x40afa9
10660,0x40b343
10661,0x40b348
10662,0x40b34c
10663,0x40b352
10664,0x40b358
10665,0x40b35e
10666,0x40b363
10667,0x40b367
10668,0x40b36d
10669,0x40b371
10670,0x40b379
10671,0x40b381
10672,0x40b384
10673,0x40b388
10674,0x40b38a
10675,0x40b38d
10676,0x40b435
10730,0x40b43a
10731,0x40b43e
10732,0x40b444
10733,0x40b44a
10734,0x40b44e
10735,0x40b454
10736,0x40b459
10737,0x40b461
10738,0x40b467
10739,0x40b46a
360,0x409d10
361,0x409d14
362,0x409d18
363,0x409d1c
364,0x409d20
365,0x409d24
366,0x409d27
367,0x409d2b
368,0x409d2d
1572,0x409d56
1573,0x409d5b
1574,0x409d5e
1575,0x409d64
1576,0x409d6a
1577,0x409d6f
1578,0x409d74
1579,0x409d79
1580,0x409d82
6769,0x409d87
6770,0x409d8d
6771,0x409d91
10977,0x40b8c1
10978,0x40b8c5
10979,0x40b8c9
10980,0x40b8cf
10981,0x40bd96
6140,0x4030a0
6142,0x700178
14854,0x409f15
14855,0x409f1b
14856,0x409f1f
6756,0x409eb5
6757,0x409ebd
6758,0x409ec5
6759,0x409eca
6760,0x409ece
6761,0x409ed2
6762,0x409ed6
6763,0x409eda
6764,0x409ee2
6765,0x409ee6
6766,0x409ee9
6767,0x409eed
6768,0x409eee
10206,0x40ca27
10207,0x40ca29
10208,0x40ca2f
10209,0x40ca35
10210,0x40ca3d
10190,0x40ca43
10191,0x40ca49
10192,0x40ca4f
10193,0x40ca55
10211,0x40ca5a
10212,0x40ca5f
10213,0x40ca65
10214,0x40ca6d
10215,0x40ca71
10216,0x40ca75
10217,0x40ca77
10218,0x40ca7a
10219,0x40ca7e
10220,0x40ca80
10221,0x40ca82
10222,0x40caa1
10223,0x40caa9
10224,0x40cab1
10225,0x40cab3
10226,0x40cab9
10227,0x40cac1
10228,0x40cac4
10229,0x40cacc
10230,0x40cad0
10231,0x40cad2
10232,0x40cad4
10240,0x40caf1
10248,0x40caf6
10249,0x40cafa
10250,0x40caff
10251,0x40cb05
10252,0x40cb0b
10253,0x40cb0d
10254,0x40cb10
10255,0x40cb14
10256,0x40cb18
10257,0x40cb1e
9996,0x40cce8
9997,0x40ccf0
9998,0x40ccf6
9999,0x40ccfc
10000,0x40cd02
10001,0x40cd06
10002,0x40cd0e
10003,0x40cd13
10004,0x40cd18
10330,0x40cd1d
10331,0x40cbfb
10332,0x40cc01
10333,0x40cc09
10334,0x40cc11
10335,0x40cc14
10336,0x40cc19
10337,0x40cc20
10338,0x40cc28
10339,0x40cc2b
10341,0x40cc32
10342,0x40cc3a
10343,0x40cc3d
10345,0x40c1ed
10346,0x40c1f4
10347,0x40c1f5
10348,0x40c1f6
10349,0x40c1f8
10350,0x40c1fa
10351,0x40c1fc
10352,0x40c1fe
15769,0x414786
15770,0x41478a
15771,0x41478c
15772,0x415ab8
15773,0x415ac1
15774,0x415ac6
15775,0x415acb
15776,0x415ad0
15777,0x415ad6
15997,0x415adb
15998,0x415ae1
15999,0x415ae6
16019,0x415aeb
16020,0x415aee
16021,0x415af1
16022,0x415af5
16023,0x415afd
16024,0x415b00
16026,0x415b06
16027,0x415b0c
16028,0x415c50
16029,0x415c53
11884,0x4031f0
11886,0x700220
21250,0x413ba5
21251,0x413ba8
21252,0x413bad
21253,0x413bb0
21254,0x413bb3
21240,0x413b38
21241,0x413b3b
21242,0x413b3e
11885,0x402df0
11887,0x700020
17495,0x40b799
17496,0x40b79c
17497,0x40b7a1
17498,0x40b7a6
17499,0x40b7ab
17473,0x4031b0
17474,0x700200
20324,0x40b7b0
20325,0x40b7b4
20326,0x40b7b9
10880,0x40b7bf
10881,0x40b7c4
10882,0x40b7c7
10883,0x40b7cb
10884,0x40b7cf
10885,0x40b7d1
10909,0x40b833
10943,0x40b838
10944,0x40b83e
10945,0x40b844
10946,0x40b84a
10947,0x40b84f
10948,0x40b857
10949,0x40b85f
10950,0x40b865
10951,0x40b86a
10952,0x40b870
10953,0x40b875
10954,0x40b87b
10955,0x40b881
10956,0x40b887
10957,0x40b88b
10958,0x40b891
10959,0x40b897
10960,0x40b89b
10961,0x40b939
10962,0x40b93f
10963,0x40b945
10964,0x40b94b
11000,0x40b950
11001,0x40b955
11002,0x40b95b
11003,0x40b963
11004,0x40b967
11005,0x40b96b
11006,0x40b96d
11007,0x40b970
11008,0x40b974
11009,0x40b976
11010,0x40b978
11011,0x40b997
11012,0x40b99f
11013,0x40b9a7
11014,0x40b9a9
11015,0x40b9af
11016,0x40b9b7
11017,0x40b9ba
11018,0x40b9c2
11019,0x40b9c6
11020,0x40b9c8
11021,0x40b9ca
11029,0x40b9e7
11037,0x40b9ec
11038,0x40b9f0
11039,0x40b9f8
11040,0x40b9fc
11041,0x40ba02
11042,0x40ba08
11043,0x40ba0d
11044,0x40ba0f
11045,0x40ba13
11046,0x40ba17
11047,0x40ba1b
11048,0x40ba21
11049,0x40ba27
11050,0x40ba2f
11051,0x40ba33
11052,0x40ba38
11053,0x40ba3c
11054,0x40ba42
11055,0x40ba48
11056,0x40ba4e
10781,0x40b4fe
10782,0x40b503
10783,0x40bded
10784,0x40bdf0
11057,0x40bdf5
11058,0x40bdfd
11059,0x40be05
11060,0x40be0b
11061,0x40be13
11062,0x40be16
11063,0x40be1a
11064,0x40be1c
11065,0x40be1e
11066,0x40beaf
11114,0x40beb4
11115,0x40beb8
11116,0x40bebe
11117,0x40bec4
11118,0x40beca
11119,0x40bed0
11120,0x40bed4
11121,0x40beda
10826,0x40b5c5
10827,0x40b5cb
10828,0x40b5cf
10829,0x40b5d5
10830,0x40bee4
10831,0x40beea
14844,0x40beef
14845,0x40bef5
10832,0x40b5db
10833,0x40b5e2
10834,0x40b5ea
10835,0x40b5f0
10836,0x40b5f2
10837,0x40b5f6
10838,0x40b5f8
10839,0x40b5fc
10840,0x40b5fd
10841,0x40b601
10842,0x40b603
10848,0x40b609
10849,0x40b60d
10850,0x40b611
10843,0x40b617
10854,0x40b61c
10855,0x40b621
10856,0x40b629
10857,0x40b62f
10858,0x40b634
10859,0x40b639
10860,0x40b63c
10861,0x40b644
10862,0x40b648
10863,0x40b64c
10864,0x40b650
10865,0x40b654
10866,0x40b659
10867,0x40b65d
10868,0x40b662
10869,0x40b66a
10870,0x40b670
10871,0x40b675
10872,0x40b677
10873,0x40b67a
10874,0x40b6e3
10875,0x40b6e8
10876,0x40b6ef
10877,0x40b6f6
10878,0x40b6fa
10879,0x40b6fc
10886,0x40b702
10887,0x40b705
10888,0x40b708
10889,0x40b710
10890,0x40b715
10910,0x40b72f
10911,0x40b732
10912,0x40b739
10913,0x40b741
9422,0x4032a0
9423,0x700278
12037,0x411adf
12038,0x411ae1
12039,0x411aa8
12040,0x411aad
12041,0x411ab2
12042,0x411ab9
12043,0x411abc
12044,0x411abf
12045,0x411ac3
12046,0x411ac6
12051,0x411ccf
12052,0x411cd1
12053,0x411cd3
12054,0x411cd8
12055,0x411cdb
12056,0x411ce1
12057,0x411ce7
12058,0x411cee
12059,0x411cf5
12060,0x411cf8
12061,0x411cfb
12062,0x411cff
12063,0x411d02
12064,0x411d0a
12065,0x411d0e
12066,0x411d13
9415,0x4032b0
9421,0x700280
11981,0x40bfe7
11982,0x40bfea
9802,0x40bfec
9803,0x40bff3
9804,0x40bffa
9805,0x40bffd
9806,0x40c001
9807,0x40c004
9812,0x40c149
9813,0x40c150
9839,0x40c038
9840,0x40c03b
9841,0x40c041
9842,0x40c045
9843,0x40c047
9844,0x40c04f
9845,0x40c050
9846,0x40c057
9847,0x40c05a
9848,0x40c060
9849,0x40c066
9850,0x40c06b
9851,0x40c06f
9852,0x40c076
9853,0x40c079
9854,0x40c07d
9855,0x40c080
9856,0x40c084
9414,0x402ee0
9420,0x700098
12137,0x411d71
12138,0x411d75
12139,0x411d78
12140,0x411d7a
12141,0x411d7c
12142,0x411d8d
12143,0x411d90
12144,0x411d98
12145,0x411d9b
12146,0x411da0
12147,0x411da2
12148,0x411d80
12149,0x411d84
12150,0x411d87
9569,0x411e12
9570,0x411e16
9571,0x411e18
9578,0x412007
9579,0x41200b
9580,0x41200f
9581,0x412015
9582,0x41201a
9583,0x412020
9584,0x412023
9619,0x41202f
9620,0x412034
9621,0x412037
9640,0x41203e
9641,0x412046
9642,0x412049
9661,0x412050
9662,0x412055
9663,0x412058
9674,0x41205f
9675,0x412067
9676,0x41206a
9680,0x412071
9681,0x412076
9682,0x412079
9684,0x412080
9685,0x412083
9687,0x41208d
9688,0x412092
9689,0x412095
9692,0x41209c
9693,0x4120a1
9694,0x4120a4
9696,0x4120ab
9697,0x4120b0
9698,0x4120b3
9700,0x4120ba
9701,0x4120c2
9702,0x4120ca
8783,0x4120cf
8784,0x4120d6
8785,0x4120d7
8786,0x4120d8
8787,0x4120da
8788,0x4120dc
8789,0x4120de
8790,0x4120e0
15727,0x41464a
15728,0x41464f
15729,0x414653
15730,0x414655
15731,0x41465b
15732,0x414661
15733,0x414666
15734,0x41466c
16034,0x414671
16035,0x414676
16036,0x41467b
16037,0x41467e
16038,0x414681
16039,0x414686
16040,0x41468c
16041,0x41468f
16042,0x414695
16043,0x414699
16044,0x41469e
16045,0x4146a1
16046,0x4146a4
16047,0x4146a8
16048,0x4146b0
16049,0x4146b3
16051,0x4146b9
16052,0x4146bf
16053,0x415b30
16054,0x415b33
17535,0x415b38
17536,0x415b3c
17537,0x415b41
17538,0x415b44
17539,0x415b47
16056,0x4146cb
16057,0x4146ce
16058,0x4146d1
17429,0x4146d6
17430,0x4146d9
17431,0x4146de
15735,0x4146e2
15736,0x4146e6
15737,0x4146e9
15738,0x4146ec
335,0x408dd0
336,0x408dd2
337,0x408dd4
338,0x408dd6
339,0x408dd9
340,0x408ddb
341,0x408dde
342,0x408ddf
343,0x408de2
344,0x408de3
345,0x408de6
346,0x408ded
347,0x408df1
348,0x408df5
349,0x408dfa
350,0x408e02
351,0x408e07
352,0x408e0c
353,0x408e11
354,0x408e19
355,0x408e21
356,0x408e29
357,0x408e2d
358,0x408e35
359,0x408e40
218,0x4076f0
219,0x4076f2
220,0x4076f5
221,0x4076f7
222,0x4076fa
223,0x4076fc
224,0x4076ff
225,0x407701
226,0x407704
227,0x407705
228,0x407708
229,0x407709
230,0x40770d
231,0x407712
232,0x407716
233,0x40771b
234,0x407723
235,0x40772b
11325,0x407730
11326,0x407735
11327,0x40773a
11328,0x40773f
11329,0x407744
11330,0x407747
11340,0x407848
11341,0x407852
11342,0x407855
11354,0x407857
11355,0x40785b
11356,0x407860
11357,0x407863
11358,0x407867
