261,0x400c50
262,0x400c53
263,0x400c55
264,0x400c58
265,0x400c5a
266,0x400c5e
267,0x400c61
268,0x400c68
269,0x400c6f
146,0x700010
147,0x4009b4
148,0x4009bb
149,0x4009c2
150,0x4009cc
151,0x4009d4
152,0x4009d7
153,0x4009db
288,0x400740
158,0x400bef
159,0x400bf6
328,0x400d46
329,0x400d4b
270,0x400d20
271,0x400d23
272,0x400d26
273,0x400d29
274,0x400d2b
275,0x400d2e
276,0x400d30
277,0x400d35
278,0x400d39
279,0x400d3c
280,0x400d3e
281,0x400d41
223,0x700040
238,0x400b2f
239,0x400b32
302,0x700000
253,0x400c1d
254,0x400c24
255,0x400c2e
256,0x400c35
257,0x400c3c
258,0x400c44
259,0x400c47
260,0x400c4b
145,0x400760
221,0x4007c0
240,0x400be0
241,0x400be4
242,0x400be5
243,0x400be6
244,0x400be8
245,0x400bea
246,0x400bec
247,0x400bee
154,0x4009e0
155,0x4009e6
156,0x4009ed
157,0x4009ef
167,0x400a39
168,0x400a41
169,0x400a4b
170,0x400a52
171,0x400a55
172,0x400a59
